Index,Energy_Value,Minima_Indices
34,0.5874946883449319,0
82,0.5412023202218559,1
136,0.5779643961934148,0
176,0.6102009435871636,0
225,0.7278989743827008,0
275,0.6195998192787809,0
331,0.5432433538299216,1
373,0.5451040382157217,0
