level,energy,n_minima_in_level
1,0.583672030305773,102
2,0.5972974236782743,14
3,0.5874946883449319,2
4,0.5964679518759264,0
