Index,Energy_Value,Minima_Indices
159,0.5964679518759264,0
345,0.544174491298273,0
